City_ID,City,Country,Lat,Lng,Max Temp,Humidity,Cloudiness,Wind Speed,Current Description
0,Hilo,US,19.7297,-155.09,78.8,53,20,8.05,few clouds
1,Hermanus,ZA,-34.4187,19.2345,59.0,93,100,2.95,overcast clouds
2,Yellowknife,CA,62.456,-114.3525,10.4,48,20,9.22,few clouds
3,Padang,ID,-0.9492,100.3543,77.0,94,40,1.14,scattered clouds
4,Ushuaia,AR,-54.8,-68.3,50.0,57,40,5.75,scattered clouds
5,Antofagasta,CL,-23.65,-70.4,62.6,77,75,12.66,broken clouds
6,Luderitz,NA,-26.6481,15.1594,73.54,51,0,8.08,clear sky
7,Butaritari,KI,3.0707,172.7902,82.02,76,99,13.67,overcast clouds
8,Boca Do Acre,BR,-8.7522,-67.3978,70.45,99,98,1.05,moderate rain
9,Buchanan,LR,5.8808,-10.0467,78.8,89,40,6.55,scattered clouds
10,Dzilam Gonzalez,MX,21.2833,-88.9333,83.48,65,13,6.46,few clouds
11,Ridgecrest,US,35.6225,-117.6709,87.01,7,1,10.36,clear sky
12,Port Alfred,ZA,-33.5906,26.891,69.44,89,91,2.26,overcast clouds
13,Arraial Do Cabo,BR,-22.9661,-42.0278,76.26,65,0,13.73,clear sky
14,Mount Gambier,AU,-37.8333,140.7667,53.6,66,75,21.85,broken clouds
15,Punta Arenas,CL,-53.15,-70.9167,48.2,71,40,16.11,scattered clouds
16,Hualmay,PE,-11.0964,-77.6139,69.03,88,55,4.36,broken clouds
17,Rikitea,PF,-23.1203,-134.9692,79.03,71,0,8.9,clear sky
18,Sangar,RU,63.9242,127.4739,13.3,70,100,2.64,overcast clouds
19,Isla Mujeres,MX,21.2311,-86.731,82.4,78,75,12.66,broken clouds
20,Salina Cruz,MX,16.1667,-95.2,82.63,67,0,13.27,clear sky
21,Provideniya,RU,64.3833,-173.3,3.27,79,100,23.4,overcast clouds
22,Severo-Kurilsk,RU,50.6789,156.125,30.81,73,70,23.22,broken clouds
23,Tasiilaq,GL,65.6145,-37.6368,23.0,74,3,3.44,clear sky
24,Baijiantan,CN,45.6333,85.1833,47.57,27,4,8.39,clear sky
25,Ponta Do Sol,PT,32.6667,-17.1,59.0,73,94,1.01,overcast clouds
26,Atbasar,KZ,51.8,68.3333,28.04,91,6,9.55,clear sky
27,Leningradskiy,RU,69.3833,178.4167,-4.81,92,99,2.06,overcast clouds
28,Namibe,AO,-15.1961,12.1522,78.84,70,31,3.29,scattered clouds
29,Manaus,BR,-3.1019,-60.025,84.2,79,40,3.44,scattered clouds
30,Dingle,PH,10.9995,122.6711,81.66,71,58,9.01,broken clouds
31,Upernavik,GL,72.7868,-56.1549,13.71,92,92,6.93,overcast clouds
32,Krasnoselkup,RU,65.7,82.4667,32.77,83,100,8.01,overcast clouds
33,Tourlaville,FR,49.6383,-1.5664,44.01,93,75,10.36,broken clouds
34,Muros,ES,42.7762,-9.0603,53.01,81,99,14.88,overcast clouds
35,Paamiut,GL,61.994,-49.6678,30.67,90,46,8.3,scattered clouds
36,Cape Town,ZA,-33.9258,18.4232,64.0,88,0,10.36,clear sky
37,Saskylakh,RU,71.9167,114.0833,3.33,78,71,11.03,broken clouds
38,Terrace,CA,54.5163,-128.6035,37.4,60,75,11.5,broken clouds
39,Qinzhou,CN,21.95,108.6167,72.34,83,100,10.02,light rain
40,Turukhansk,RU,65.8167,87.9833,32.52,97,100,12.57,light snow
41,Ribeira Grande,PT,38.5167,-28.7,62.2,91,100,18.48,overcast clouds
42,Busselton,AU,-33.65,115.3333,59.0,91,100,1.99,light rain
43,Albany,US,42.6001,-73.9662,73.4,52,75,8.05,broken clouds
44,Cozumel,MX,20.5083,-86.9458,82.4,78,40,11.5,scattered clouds
45,Jamestown,US,42.097,-79.2353,71.6,28,1,12.66,clear sky
46,Kenai,US,60.5544,-151.2583,24.8,38,1,12.66,clear sky
47,Ikorodu,NG,6.6191,3.5041,75.2,94,20,3.44,few clouds
48,Cap-Aux-Meules,CA,47.3821,-61.8597,32.0,74,26,14.97,scattered clouds
49,Avarua,CK,-21.2078,-159.775,82.4,74,20,10.36,few clouds
50,Kodiak,US,57.79,-152.4072,35.6,64,90,10.36,overcast clouds
51,Sakaraha,MG,-22.9,44.5333,67.59,71,0,0.98,clear sky
52,Avanigadda,IN,16.0215,80.9181,77.86,85,2,3.69,clear sky
53,Hobart,AU,-42.8794,147.3294,48.99,81,75,14.97,light rain
54,Upington,ZA,-28.4478,21.2561,71.6,43,0,8.05,clear sky
55,Asau,RO,46.4333,26.4,37.99,47,1,3.15,light rain
56,Mataura,NZ,-46.1927,168.8643,60.01,87,69,10.0,light rain
57,Ixtapa,MX,20.7,-105.2,80.01,73,20,14.97,few clouds
58,Clyde River,CA,70.4692,-68.5914,32.0,55,90,17.27,overcast clouds
59,Tautira,PF,-17.7333,-149.15,87.8,62,40,16.11,light rain
60,San Jose,US,37.3394,-121.895,73.0,48,75,13.8,broken clouds
61,Bredasdorp,ZA,-34.5322,20.0403,53.6,100,100,0.67,overcast clouds
62,Saint-Francois,FR,46.4154,3.9054,51.8,71,0,6.91,clear sky
63,Nikolskoye,RU,59.7035,30.7861,36.0,74,0,4.47,clear sky
64,Atuona,PF,-9.8,-139.0333,81.32,69,72,16.62,broken clouds
65,Saint-Philippe,RE,-21.3585,55.7679,78.8,78,0,4.61,clear sky
66,Quelimane,MZ,-17.8786,36.8883,75.2,88,75,3.44,light rain
67,Kavieng,PG,-2.5744,150.7967,81.93,75,100,8.19,light rain
68,Gweru,ZW,-19.45,29.8167,55.45,82,0,7.56,clear sky
69,Ermelo,ZA,-26.5333,29.9833,53.73,67,0,3.44,clear sky
70,Ahuimanu,US,21.4447,-157.8378,78.8,53,20,8.05,few clouds
71,Pisco,PE,-13.7,-76.2167,70.0,73,20,17.27,few clouds
72,Airai,TL,-8.9266,125.4092,67.68,63,88,1.72,overcast clouds
73,Naze,JP,28.3667,129.4833,68.0,64,20,19.57,few clouds
74,Isangel,VU,-19.55,169.2667,79.81,85,100,11.43,overcast clouds
75,Tura,IN,25.5198,90.2201,71.69,73,0,4.36,clear sky
76,Husavik,IS,66.0449,-17.3389,24.8,63,0,6.91,clear sky
77,Thompson,CA,55.7435,-97.8558,39.2,56,40,5.75,scattered clouds
78,Oistins,BB,13.0667,-59.5333,78.8,65,20,8.05,volcanic ash
79,Yar-Sale,RU,66.8333,70.8333,25.2,92,81,12.37,broken clouds
80,Barrow,US,71.2906,-156.7887,-7.6,71,1,11.5,clear sky
81,Udayagiri,IN,20.1333,84.3833,68.77,69,0,1.45,clear sky
82,Zonguldak,TR,41.25,31.8333,35.01,80,97,2.82,overcast clouds
83,Krasnyy Chikoy,RU,50.3643,108.7512,28.33,52,100,8.99,overcast clouds
84,Kutum,SD,14.2,24.6667,70.05,12,41,13.33,scattered clouds
85,Thiruvananthapuram,IN,8.4833,76.9167,80.6,78,20,1.68,mist
86,Honningsvag,NO,70.9821,25.9704,31.37,81,71,28.14,light snow
87,Puerto Ayora,EC,-0.7393,-90.3518,78.8,83,40,8.05,scattered clouds
88,Tuktoyaktuk,CA,69.4541,-133.0374,-11.2,70,1,11.5,clear sky
89,New Norfolk,AU,-42.7826,147.0587,48.99,89,100,1.99,light rain
90,Khatanga,RU,71.9667,102.5,16.52,93,100,13.67,light snow
91,Alghero,IT,40.5589,8.3181,60.8,77,75,6.91,broken clouds
92,Altar,MX,30.7,-111.8167,91.99,8,18,8.01,few clouds
93,Kailua,US,21.4022,-157.7394,78.8,53,20,8.05,few clouds
94,Vestmannaeyjar,IS,63.4427,-20.2734,37.58,92,100,8.77,overcast clouds
95,Cherskiy,RU,68.75,161.3,-6.88,81,75,2.93,broken clouds
96,Chokurdakh,RU,70.6333,147.9167,-13.72,96,99,0.98,overcast clouds
97,Guangyuan,CN,32.442,105.823,57.99,93,100,2.66,overcast clouds
98,Oksfjord,NO,70.2396,22.3479,33.8,59,75,11.5,light snow
99,Victoria,HK,22.2855,114.1577,71.01,81,62,1.01,broken clouds
100,Sao Filipe,CV,14.8961,-24.4956,75.69,62,19,7.09,few clouds
101,Esperance,AU,-33.8667,121.9,57.2,88,99,10.36,overcast clouds
102,Kedrovyy,RU,56.1667,91.8167,19.4,73,0,1.97,clear sky
103,Ust-Ilimsk,RU,58.0006,102.6619,16.47,78,32,2.19,scattered clouds
104,Gidole,ET,5.65,37.3667,56.91,79,99,2.62,light rain
105,Pop,UZ,40.8736,71.1089,53.6,47,0,4.61,clear sky
106,Mushie,CD,-3.0167,16.9,72.75,93,100,3.18,overcast clouds
107,Sao Jose Da Coroa Grande,BR,-8.8978,-35.1478,77.77,88,96,10.04,overcast clouds
108,Aquiraz,BR,-3.9014,-38.3911,82.99,78,40,10.36,scattered clouds
109,Vysokogornyy,RU,50.1167,139.15,43.7,62,67,11.18,broken clouds
110,Lasa,IT,46.6166,10.7002,48.0,87,75,6.91,broken clouds
111,Rio Tercero,AR,-32.173,-64.1141,52.0,87,96,11.99,overcast clouds
112,Praia Da Vitoria,PT,38.7333,-27.0667,61.0,100,75,19.22,mist
113,Coachella,US,33.6803,-116.1739,97.0,7,1,4.61,clear sky
114,Anloga,GH,5.7947,0.8973,82.4,83,20,6.91,few clouds
115,Chuy,UY,-33.6971,-53.4616,69.24,96,100,12.75,heavy intensity rain
116,Nanortalik,GL,60.1432,-45.2371,34.45,88,76,10.4,broken clouds
117,Santa Maria Da Vitoria,BR,-13.3947,-44.1886,80.02,43,100,2.21,overcast clouds
118,Mulki,IN,13.1,74.8,77.0,83,20,3.38,few clouds
119,Bluff,NZ,-46.6,168.3333,60.01,87,88,10.0,light rain
120,Petropavlovsk-Kamchatskiy,RU,53.0452,158.6483,37.4,44,0,2.24,clear sky
121,Taft,IR,31.7471,54.2088,75.2,20,40,11.5,scattered clouds
122,Vila Franca Do Campo,PT,37.7167,-25.4333,60.8,100,75,10.36,mist
123,Carnarvon,AU,-24.8667,113.6333,78.8,83,100,19.57,overcast clouds
124,Dikson,RU,73.5069,80.5464,21.47,90,93,23.87,overcast clouds
125,Kamenka,RU,51.3223,42.7678,39.0,92,92,12.35,overcast clouds
126,Santa Ana,US,33.7456,-117.8678,77.0,49,75,11.5,broken clouds
127,Laurel,US,39.0993,-76.8483,66.0,82,1,6.89,clear sky
128,Inyonga,TZ,-6.7167,32.0667,62.04,97,100,3.83,overcast clouds
129,Kapaa,US,22.0752,-159.319,75.2,57,75,12.66,broken clouds
130,Qaanaaq,GL,77.484,-69.3632,15.28,90,100,1.95,light snow
131,Port-Gentil,GA,-0.7193,8.7815,82.09,79,91,5.91,overcast clouds
132,Yakeshi,CN,49.2833,120.7333,39.51,29,24,5.59,few clouds
133,Puttur,IN,12.7667,75.2167,77.0,83,20,2.37,few clouds
134,Te Anau,NZ,-45.4167,167.7167,56.61,92,100,3.98,moderate rain
135,Tiznit,MA,29.5833,-9.5,54.72,84,25,4.92,scattered clouds
136,Bilibino,RU,68.0546,166.4372,3.38,63,98,4.32,overcast clouds
137,Urusha,RU,54.05,122.9,19.81,48,24,4.81,few clouds
138,Kruisfontein,ZA,-34.0033,24.7314,57.0,96,77,1.01,broken clouds
139,Gorontalo,ID,0.5412,123.0595,82.33,76,88,1.77,overcast clouds
140,General Roca,AR,-39.0333,-67.5833,60.8,67,0,4.25,clear sky
141,Amga,RU,60.8953,131.9608,15.33,93,100,9.8,snow
142,Taoudenni,ML,22.6783,-3.9836,84.27,15,1,10.4,clear sky
143,Constitucion,CL,-35.3333,-72.4167,53.04,83,0,11.3,clear sky
144,Fukue,JP,32.6881,128.8419,59.0,72,75,5.75,broken clouds
145,Fomboni,KM,-12.28,43.7425,83.44,72,100,7.43,overcast clouds
146,Disna,BY,55.568,28.1971,42.12,87,100,4.09,overcast clouds
147,Axim,GH,4.8699,-2.2405,80.44,86,89,5.68,overcast clouds
148,Limbang,MY,4.75,115.0,80.6,94,75,4.61,broken clouds
149,Pangkalanbuun,ID,-2.6833,111.6167,77.56,93,82,0.6,broken clouds
150,Nelson Bay,AU,-32.7167,152.15,64.99,48,75,14.97,broken clouds
151,Yatou,CN,37.15,122.3833,53.29,64,77,10.33,light rain
152,Mahbubabad,IN,17.6167,80.0167,76.35,86,23,4.27,few clouds
153,Fortuna,US,40.5982,-124.1573,55.0,58,1,25.32,clear sky
154,Castro,BR,-24.7911,-50.0119,60.71,67,0,2.77,clear sky
155,Baruun-Urt,MN,46.6806,113.2792,37.83,46,98,11.88,overcast clouds
156,Natal,BR,-5.795,-35.2094,77.0,94,75,5.75,broken clouds
157,Simbahan,PH,6.3032,120.5836,82.65,73,86,6.04,overcast clouds
158,Ancud,CL,-41.8697,-73.8203,53.01,100,90,13.8,light rain
159,Walvis Bay,NA,-22.9575,14.5053,80.53,32,0,5.41,clear sky
160,Nemuro,JP,43.3236,145.575,48.2,31,0,3.44,clear sky
161,Tessalit,ML,20.1986,1.0114,84.11,12,0,5.14,clear sky
162,Tromso,NO,69.6496,18.957,33.8,93,90,23.02,light rain and snow
163,Lagoa,PT,39.05,-27.9833,59.97,93,100,20.94,overcast clouds
164,Salalah,OM,17.0151,54.0924,80.6,74,40,1.14,scattered clouds
165,Mogadishu,SO,2.0371,45.3438,81.99,74,53,11.3,broken clouds
166,Srednekolymsk,RU,67.45,153.6833,-4.83,89,100,8.66,overcast clouds
167,Cidreira,BR,-30.1811,-50.2056,75.11,80,100,10.92,overcast clouds
168,Cavalcante,BR,-13.7975,-47.4583,69.76,69,11,2.86,few clouds
169,Ostrovnoy,RU,68.0531,39.5131,30.51,87,34,23.02,scattered clouds
170,Jibuti,DJ,11.5,42.5,80.6,78,20,3.44,few clouds
171,Manavalakurichi,IN,8.1333,77.3,80.6,78,20,3.15,mist
172,Cabo San Lucas,MX,22.8909,-109.9124,80.6,54,20,9.22,few clouds
173,Shelburne,CA,44.0787,-80.2041,68.0,49,20,11.5,few clouds
174,Mackay,AU,-21.15,149.2,84.99,78,6,11.5,clear sky
175,Kashi,CN,39.4547,75.9797,51.8,37,0,6.71,clear sky
176,Belmonte,BR,-15.8631,-38.8828,77.0,83,40,3.44,scattered clouds
177,Gualeguay,AR,-33.1416,-59.3097,70.05,98,98,5.79,overcast clouds
178,Yerky,UA,48.9906,30.9882,40.32,56,0,2.57,clear sky
179,Sao Joao Da Barra,BR,-21.6403,-41.0511,74.25,67,1,7.56,clear sky
180,Palmer,US,42.1584,-72.3287,68.0,56,75,8.05,broken clouds
181,Makakilo City,US,21.3469,-158.0858,78.8,53,75,11.5,broken clouds
182,Mastung,PK,29.7994,66.845,60.75,20,0,6.02,clear sky
183,Dalbandin,PK,28.8947,64.4101,71.1,16,16,7.25,few clouds
184,Tigzirt,DZ,36.8886,4.1198,60.98,74,100,4.36,overcast clouds
185,Auki,SB,-8.7676,160.7034,85.59,64,99,2.57,overcast clouds
186,Narsaq,GL,60.9167,-46.05,37.4,75,23,2.3,few clouds
187,Erenhot,CN,43.6475,111.9767,51.75,56,13,13.91,few clouds
188,Port Blair,IN,11.6667,92.75,81.3,77,78,3.67,broken clouds
189,Gazojak,TM,41.1875,61.4036,61.38,41,0,15.9,clear sky
190,Saint-Georges,GD,12.0564,-61.7485,80.6,74,20,9.22,few clouds
191,Wahiawa,US,21.5028,-158.0236,78.8,53,75,11.5,broken clouds
192,Gat,IL,31.61,34.7642,55.99,56,49,12.88,scattered clouds
193,Vanimo,PG,-2.6741,141.3028,80.58,83,100,10.18,overcast clouds
194,Bethel,US,41.3712,-73.414,66.2,59,1,8.05,clear sky
195,Vardo,NO,70.3705,31.1107,19.4,68,0,28.77,clear sky
196,Matay,EG,28.419,30.7792,51.87,50,0,9.62,clear sky
197,Mongo,TD,12.1844,18.693,83.71,6,32,6.91,scattered clouds
198,Hasaki,JP,35.7333,140.8333,54.0,66,20,8.05,few clouds
199,Merced,US,37.1666,-120.7516,78.01,31,20,10.36,few clouds
200,Mandali,IQ,33.7499,45.5541,72.54,42,39,18.81,scattered clouds
201,Bukama,CD,-9.2,25.85,66.72,98,100,2.73,overcast clouds
202,Traverse City,US,44.7631,-85.6206,52.0,87,90,5.75,overcast clouds
203,Lebu,CL,-37.6167,-73.65,52.52,87,0,8.28,clear sky
204,Mount Isa,AU,-20.7333,139.5,75.2,38,20,18.41,few clouds
205,Geraldton,AU,-28.7667,114.6,73.4,64,90,14.97,overcast clouds
206,North Platte,US,41.1239,-100.7654,66.0,17,1,4.61,clear sky
207,Georgetown,MY,5.4112,100.3354,79.0,100,20,3.44,few clouds
208,Buraydah,SA,26.326,43.975,73.4,35,40,12.66,scattered clouds
209,Okato,NZ,-39.2,173.8833,68.0,85,40,7.0,scattered clouds
210,Korla,CN,41.7597,86.1469,52.43,50,0,6.51,clear sky
211,Port Hedland,AU,-20.3167,118.5667,82.4,83,75,8.05,broken clouds
212,Moyale,KE,3.5167,39.0584,67.06,81,73,4.5,light rain
213,Araouane,ML,18.9048,-3.5265,86.38,10,0,7.78,clear sky
214,Saint George,US,37.1041,-113.5841,82.99,7,1,11.5,clear sky
215,Xuanhua,CN,40.6103,115.0447,55.18,44,100,5.66,moderate rain
216,Santa Maria,BR,-29.6842,-53.8069,77.0,73,20,2.3,few clouds
217,Brownfield,US,33.1812,-102.2744,73.0,14,0,1.99,clear sky
218,Ornskoldsvik,SE,63.2909,18.7153,30.2,69,9,6.91,clear sky
219,Hithadhoo,MV,-0.6,73.0833,83.46,68,50,12.35,scattered clouds
220,Veraval,IN,20.9,70.3667,77.74,64,0,13.98,clear sky
221,Loandjili,CG,-4.7561,11.8578,78.8,89,40,4.25,scattered clouds
222,Price,US,39.5994,-110.8107,64.4,12,1,18.41,clear sky
223,George,ZA,-33.963,22.4617,57.2,94,0,3.44,clear sky
224,Valencia,ES,39.3333,-0.8333,57.2,94,75,2.3,broken clouds
225,Ballina,AU,-28.8667,153.5667,73.4,49,38,13.8,scattered clouds
226,Vao,NC,-22.6667,167.4833,77.0,86,100,21.79,overcast clouds
227,Vaini,TO,-21.2,-175.2,80.6,74,20,9.22,few clouds
228,Sitka,US,57.0531,-135.33,33.8,75,90,13.8,light snow
229,Longyearbyen,SJ,78.2186,15.6401,21.2,68,75,23.02,broken clouds
230,Egvekinot,RU,66.3167,-179.1667,0.72,75,100,14.36,overcast clouds
231,Wajir,KE,1.7471,40.0573,78.67,70,99,12.24,overcast clouds
232,Inirida,CO,3.8653,-67.9239,71.76,99,100,0.83,overcast clouds
233,Koslan,RU,63.4564,48.8989,34.38,85,97,11.32,overcast clouds
234,Sibolga,ID,1.7427,98.7792,75.96,88,62,1.88,broken clouds
235,Sur,OM,22.5667,59.5289,79.48,61,1,9.46,clear sky
236,Oriximina,BR,-1.7656,-55.8661,76.03,90,96,4.05,overcast clouds
237,Mulege,MX,26.8833,-111.9833,82.29,39,61,6.71,broken clouds
238,Codrington,AU,-38.2667,141.9667,53.42,66,100,21.61,overcast clouds
239,East London,ZA,-33.0153,27.9116,69.69,91,80,4.43,broken clouds
240,Corpus Christi,US,27.8006,-97.3964,84.99,51,1,16.11,clear sky
241,Ventspils,LV,57.3894,21.5606,30.2,100,0,3.44,clear sky
242,Glendive,US,47.1053,-104.7125,68.0,15,1,12.66,clear sky
243,Flinders,AU,-34.5833,150.8552,61.0,50,1,8.99,clear sky
244,Broome,US,42.2506,-75.833,68.0,49,1,8.05,clear sky
245,Maneadero,MX,31.7167,-116.5667,66.0,78,47,5.01,scattered clouds
246,Kropotkin,RU,45.4375,40.5756,42.01,82,100,2.35,overcast clouds
247,Caravelas,BR,-17.7125,-39.2481,74.17,82,1,5.01,clear sky
248,Saltillo,MX,25.4167,-101.0,84.2,23,1,16.11,clear sky
249,Emmauss,RU,56.7805,36.115,38.61,74,24,8.21,few clouds
250,Sinnamary,GF,5.3833,-52.95,77.65,87,80,7.29,moderate rain
251,Broken Hill,AU,-31.95,141.4333,55.4,62,40,19.57,scattered clouds
252,Kidal,ML,18.4411,1.4078,85.3,10,0,9.62,clear sky
253,Labuhan,ID,-6.8844,112.2051,79.36,86,75,6.29,moderate rain
254,Umea,SE,63.8284,20.2597,27.0,80,0,5.75,clear sky
255,Sokoni,TZ,-6.4333,39.55,80.6,80,98,11.45,light rain
256,Altamira,BR,-3.2033,-52.2064,74.84,94,97,1.86,overcast clouds
257,Mindelo,CV,16.8901,-24.9804,69.8,78,20,24.16,few clouds
258,Acapulco,MX,16.8634,-99.8901,84.2,70,40,9.22,scattered clouds
259,Uruzgan,AF,32.8333,66.0,55.98,51,99,5.01,overcast clouds
260,Talnakh,RU,69.4865,88.3972,29.07,97,100,4.94,overcast clouds
261,Northam,GB,51.0333,-4.2167,41.0,79,31,5.99,scattered clouds
262,San Ramon,US,37.7799,-121.978,75.2,29,1,10.36,clear sky
263,Ulladulla,AU,-35.35,150.4667,57.2,41,1,18.41,clear sky
264,Tuatapere,NZ,-46.1333,167.6833,60.01,87,97,10.0,overcast clouds
265,Biloela,AU,-24.4167,150.5,81.07,48,99,7.09,overcast clouds
266,Karlstad,SE,59.3793,13.5036,30.2,80,3,3.44,clear sky
267,Gull Lake,CA,50.1001,-108.4847,46.4,61,75,16.11,broken clouds
268,Piacabucu,BR,-10.4056,-36.4344,77.5,85,73,7.72,broken clouds
269,Zaysan,KZ,47.4667,84.8667,37.63,44,0,4.38,clear sky
270,Aksay,RU,47.26,39.87,46.99,66,40,4.47,moderate rain
271,Haimen,CN,23.1935,116.6142,64.4,82,0,2.24,clear sky
272,Haines Junction,CA,60.7522,-137.5108,10.4,24,97,5.75,overcast clouds
273,Fort Nelson,CA,58.8053,-122.7002,23.0,46,75,9.22,broken clouds
274,Sinazongwe,ZM,-17.2614,27.4618,69.6,59,31,4.03,scattered clouds
275,Betare Oya,CM,5.6,14.0833,71.83,73,67,2.28,light rain
276,Jacareacanga,BR,-6.2222,-57.7528,76.55,85,73,0.6,broken clouds
277,Aklavik,CA,68.2191,-135.0107,-0.4,50,20,8.05,few clouds
278,Lisakovsk,KZ,52.5369,62.4936,31.68,97,93,4.83,overcast clouds
279,Payo,ID,-3.7508,103.6372,74.48,92,62,0.31,broken clouds
280,Peniche,PT,39.3558,-9.3811,60.01,91,7,5.99,clear sky
281,Ust-Maya,RU,60.4167,134.5333,19.6,93,100,6.67,snow
282,Bambous Virieux,MU,-20.3428,57.7575,79.0,78,75,11.5,broken clouds
283,Sakaiminato,JP,35.55,133.2333,46.4,81,20,2.3,few clouds
284,Katsuura,JP,35.1333,140.3,53.6,54,20,6.91,few clouds
285,Portland,US,45.5234,-122.6762,53.01,40,75,11.5,broken clouds
286,Pitimbu,BR,-7.4706,-34.8086,75.2,100,75,6.91,broken clouds
287,Bitung,ID,1.4451,125.1824,75.2,94,20,4.18,few clouds
288,Macusani,PE,-14.0833,-70.4333,37.99,90,83,3.42,broken clouds
289,Rupert,US,42.6191,-113.6772,64.4,17,1,17.27,clear sky
290,Shimoda,JP,34.6667,138.95,55.4,62,20,16.11,few clouds
291,Monrovia,LR,6.3005,-10.7969,78.8,94,40,7.34,scattered clouds
292,Totness,SR,5.8833,-56.3167,78.01,85,90,8.37,overcast clouds
293,Nioro,GM,13.35,-15.75,77.81,49,5,7.05,clear sky
294,Outlook,CA,51.5001,-107.0513,53.6,16,100,9.22,overcast clouds
295,Los Llanos De Aridane,ES,28.6585,-17.9182,64.4,77,20,6.91,few clouds
296,Loanda,AO,-8.8368,13.2343,78.8,83,75,5.75,broken clouds
297,Kaeo,NZ,-35.1,173.7833,75.0,79,21,3.0,few clouds
298,Marzuq,YE,14.4,46.4667,66.42,17,0,5.97,clear sky
299,Lorengau,PG,-2.0226,147.2712,81.57,85,100,17.58,light rain
300,Santa Isabel Do Rio Negro,BR,-0.4139,-65.0192,76.95,85,93,2.44,overcast clouds
301,Fare,PF,-16.7,-151.0167,82.33,73,33,11.01,scattered clouds
302,Bodden Town,KY,19.2833,-81.25,80.6,83,40,11.5,scattered clouds
303,Yamada,JP,39.4667,141.95,48.76,42,0,3.18,clear sky
304,Kingaroy,AU,-26.5333,151.8333,71.6,46,10,12.66,clear sky
305,Oranjemund,NA,-28.55,16.4333,61.41,85,5,6.15,clear sky
306,Jinchang,CN,38.4953,102.1739,50.95,31,99,3.74,overcast clouds
307,Quatre Cocos,MU,-20.2078,57.7625,79.0,78,75,11.5,broken clouds
308,Almaty,KZ,43.25,76.95,44.6,70,20,8.39,few clouds
309,Santa Cruz,BO,-17.8,-63.1667,77.0,83,40,11.5,scattered clouds
310,Morros,BR,-9.4467,-46.3003,75.97,61,85,3.56,overcast clouds
311,Finsterwalde,DE,51.6333,13.7167,44.6,93,75,11.5,broken clouds
312,Taltal,CL,-25.4,-70.4833,65.5,81,79,3.89,broken clouds
313,Bengkulu,ID,-3.8004,102.2655,75.7,86,54,3.83,broken clouds
314,Mareeba,AU,-17.0,145.4333,86.0,70,72,2.3,broken clouds
315,Kieta,PG,-6.2167,155.6333,77.92,90,100,5.7,moderate rain
316,Varnavino,RU,57.4035,45.0916,31.12,98,66,3.4,broken clouds
317,Cartagena,CO,10.3997,-75.5144,79.61,82,64,11.99,broken clouds
318,Bilma,NE,18.6853,12.9164,83.17,7,89,9.73,overcast clouds
319,Ayagoz,KZ,47.9714,80.4392,29.7,88,4,15.57,clear sky
320,Linxia,CN,35.6003,103.2064,41.65,89,100,2.59,overcast clouds
321,Waterloo,CA,43.4668,-80.5164,62.01,67,75,13.8,broken clouds
322,Hennenman,ZA,-27.9765,27.0242,63.86,41,0,3.94,clear sky
323,Tokmak,UA,47.2514,35.7058,41.54,68,10,9.28,clear sky
324,Saldanha,ZA,-33.0117,17.9442,60.8,88,100,9.66,overcast clouds
325,Lompoc,US,34.6391,-120.4579,57.2,67,1,19.57,clear sky
326,Valparaiso,CL,-33.0393,-71.6273,60.8,59,0,17.27,clear sky
327,Maceio,BR,-9.6658,-35.7353,71.6,100,75,3.44,broken clouds
328,Plettenberg Bay,ZA,-34.0527,23.3716,62.4,76,100,1.86,overcast clouds
329,Thinadhoo,MV,0.5333,72.9333,83.05,68,91,10.98,overcast clouds
330,Brae,GB,60.3964,-1.353,32.0,86,20,5.75,few clouds
331,San Andres,CO,12.5847,-81.7006,82.4,78,90,4.61,overcast clouds
332,Masumbwe,TZ,-3.6333,32.1833,61.84,96,99,1.01,overcast clouds
333,Arcachon,FR,44.5875,-1.0519,53.6,100,75,2.3,broken clouds
334,Mar Del Plata,AR,-38.0023,-57.5575,66.99,88,90,21.85,moderate rain
335,Yulara,AU,-25.2406,130.9889,64.4,45,0,16.11,clear sky
336,Goundam,ML,16.4145,-3.6708,85.96,9,0,9.35,clear sky
337,Opunake,NZ,-39.4556,173.8583,68.0,90,36,4.0,scattered clouds
338,Harper,LR,4.375,-7.7169,80.44,82,99,6.93,overcast clouds
339,Iqaluit,CA,63.7506,-68.5145,23.0,86,90,16.11,overcast clouds
340,Yumen,CN,40.2833,97.2,49.41,52,89,17.98,overcast clouds
341,Ayan,RU,56.45,138.1667,28.92,87,99,10.6,overcast clouds
342,Killybegs,IE,54.6333,-8.45,33.01,94,17,1.01,few clouds
343,Port Elizabeth,ZA,-33.918,25.5701,62.6,94,75,1.14,broken clouds
344,Farias Brito,BR,-6.9306,-39.5656,82.4,69,0,6.91,clear sky
345,Asfi,MA,32.2994,-9.2372,60.55,85,0,4.0,clear sky
346,Guadalajara,MX,20.6667,-103.3333,91.0,5,1,13.8,clear sky
347,Tilichiki,RU,60.4667,166.1,10.44,83,100,20.4,overcast clouds
348,Vilyuysk,RU,63.7553,121.6247,5.59,85,100,9.62,overcast clouds
349,Nha Trang,VN,12.25,109.1833,75.2,94,40,5.75,scattered clouds
350,Belaya Gora,RU,68.5333,146.4167,-9.26,88,79,2.8,broken clouds
351,Erzin,TR,36.9559,36.2,48.0,84,100,8.99,overcast clouds
352,Pevek,RU,69.7008,170.3133,-12.08,90,68,1.68,broken clouds
353,Hami,CN,42.8,93.45,52.16,32,53,11.45,broken clouds
354,Saint Anthony,US,45.0205,-93.218,48.2,61,90,13.8,overcast clouds
355,Wasilla,US,61.5814,-149.4394,23.0,25,1,9.22,clear sky
356,Pacific Grove,US,36.6177,-121.9166,59.0,58,1,10.36,clear sky
357,Newport,GB,51.5877,-2.9984,39.0,85,87,13.58,overcast clouds
358,Agadez,NE,19.75,10.25,80.19,6,0,5.17,clear sky
359,San Cristobal,VE,7.7669,-72.225,82.4,74,40,6.91,scattered clouds
360,Itoman,JP,26.1247,127.6694,73.4,68,20,19.57,few clouds
361,Krupina,SK,48.3554,19.0647,46.99,63,83,4.0,broken clouds
362,Biak,ID,-0.9131,122.8766,79.45,76,98,0.83,overcast clouds
363,Puerto Escondido,MX,15.85,-97.0667,84.2,79,40,6.91,scattered clouds
364,Banjar,ID,-8.19,114.9675,80.6,83,20,4.61,few clouds
365,Trairi,BR,-3.2778,-39.2689,78.82,84,28,8.03,scattered clouds
366,Guerrero Negro,MX,27.9769,-114.0611,64.24,68,99,19.77,overcast clouds
367,Saint-Pierre,RE,-21.3393,55.4781,78.8,78,0,4.61,light rain
368,Dwarka,IN,22.2394,68.9678,78.42,75,0,10.56,clear sky
369,Hovd,MN,48.0056,91.6419,28.47,51,100,4.9,overcast clouds
370,Eldorado,BR,-23.7869,-54.2836,71.87,56,3,7.23,clear sky
371,Vila Velha,BR,-20.3297,-40.2925,77.0,78,20,3.44,few clouds
372,Chimbote,PE,-9.0853,-78.5783,68.99,88,89,7.72,overcast clouds
373,Necochea,AR,-38.5473,-58.7368,57.0,92,100,5.01,overcast clouds
374,Devonport,AU,-41.1667,146.35,54.0,56,24,1.99,few clouds
375,Baykit,RU,61.67,96.37,16.3,97,84,1.7,broken clouds
376,Nouadhibou,MR,20.931,-17.0347,68.0,68,55,19.57,broken clouds
377,Oyama,JP,36.3,139.8,54.0,54,20,5.75,few clouds
378,Tshane,BW,-24.0196,21.8684,69.46,39,0,3.31,clear sky
379,Petropavlovskoye,RU,52.0712,84.107,28.35,96,72,7.23,broken clouds
380,Cururupu,BR,-1.8283,-44.8683,75.09,96,68,2.93,broken clouds
381,Kanigiri,IN,15.4,79.5167,75.47,90,1,3.71,clear sky
382,Bubaque,GW,11.2833,-15.8333,77.11,72,16,14.43,few clouds
383,Miandrivazo,MG,-19.5167,45.4667,76.24,76,100,1.12,overcast clouds
384,Burnie,AU,-41.0667,145.9167,46.99,74,39,30.0,light rain
385,Pusad,IN,19.9,77.5833,83.05,43,90,6.53,overcast clouds
386,Viedma,AR,-40.8135,-62.9967,59.45,65,98,5.95,overcast clouds
387,Marsa Matruh,EG,31.3525,27.2453,57.2,51,0,11.5,clear sky
388,Jalu,LY,29.0331,21.5482,57.81,28,70,8.01,broken clouds
389,Marawi,PH,7.9986,124.2928,73.29,83,98,2.59,overcast clouds
390,Gizo,SB,-8.103,156.8419,80.4,83,100,10.8,light rain
391,Benjamin Constant,BR,-4.3831,-70.0311,74.64,95,97,3.09,overcast clouds
392,Mhango,TZ,-3.2833,32.85,60.19,96,100,2.44,overcast clouds
393,Kaitangata,NZ,-46.2817,169.8464,64.0,73,60,5.01,broken clouds
394,Alekseyevka,RU,50.6309,38.6903,40.46,68,61,7.4,broken clouds
395,Straumen,NO,63.8709,11.2999,37.0,75,75,5.75,light snow
396,Nara,JP,34.6851,135.8049,55.0,62,0,1.14,clear sky
397,Faya,SA,18.3851,42.4509,62.6,23,20,5.75,few clouds
398,Surandai,IN,8.9667,77.4,77.76,78,0,0.76,clear sky
399,Nakamura,JP,32.9833,132.9333,58.1,52,36,4.99,scattered clouds
400,Lavrentiya,RU,65.5833,-171.0,-0.35,78,100,18.32,overcast clouds
401,Homer,US,59.6425,-151.5483,30.0,46,75,6.91,broken clouds
402,Dunedin,NZ,-45.8742,170.5036,65.05,60,41,5.61,scattered clouds
403,Pangnirtung,CA,66.1451,-65.7125,28.8,88,100,2.64,light snow
404,Westport,US,41.1415,-73.3579,61.0,72,1,3.44,clear sky
405,The Valley,AI,18.217,-63.0578,77.0,60,20,5.75,few clouds
406,Kwinana,AU,-32.25,115.7667,63.0,88,90,11.5,light rain
407,Chachapoyas,PE,-6.2317,-77.869,53.51,95,100,0.98,overcast clouds
408,Chengde,CN,40.9725,117.9361,54.21,53,92,3.24,overcast clouds
409,Katherine,AU,-14.4667,132.2667,84.2,65,83,4.61,broken clouds
410,Yerbogachen,RU,61.2767,108.0108,7.32,86,23,5.3,few clouds
411,Andenes,NO,69.3143,16.1194,33.8,93,90,24.16,moderate rain
412,Uglovskoye,RU,51.3557,80.1942,32.41,88,4,15.17,clear sky
413,Sorland,NO,67.667,12.6934,36.12,86,100,26.17,light rain
414,Unity,CA,52.4501,-109.1682,46.54,41,69,18.23,broken clouds
415,Alofi,NU,-19.0595,-169.9187,82.4,78,8,8.05,light rain
416,Wewak,PG,-3.5534,143.6268,82.08,76,100,5.28,overcast clouds
417,Jacmel,HT,18.2342,-72.5347,82.4,65,75,8.05,broken clouds
418,San Pedro,PH,14.35,121.0167,84.0,69,40,4.61,scattered clouds
419,Kalmunai,LK,7.4167,81.8167,77.68,81,59,4.29,broken clouds
420,Ust-Kuyga,RU,70.0167,135.6,-7.2,81,48,2.95,scattered clouds
421,Xining,CN,36.6167,101.7667,37.94,82,99,2.26,overcast clouds
422,Ojinaga,MX,29.5667,-104.4167,87.8,8,1,8.05,clear sky
423,Ichinoseki,JP,38.9167,141.1333,39.2,75,0,4.61,clear sky
424,Birin,NP,26.8865,88.0718,57.78,24,0,6.17,clear sky
425,Kawalu,ID,-7.3817,108.2082,75.02,91,100,0.92,overcast clouds
426,Buzmeyin,TM,38.0507,58.2056,62.6,36,4,2.3,clear sky
427,Las Palmas,ES,28.4204,-14.0131,64.4,72,0,6.91,clear sky
428,Roma,US,43.2128,-75.4557,75.2,31,1,4.27,clear sky
429,Guanare,VE,9.0418,-69.7421,79.81,73,100,2.1,overcast clouds
430,Mitchell,US,43.7094,-98.0298,60.8,18,1,3.44,clear sky
431,Faanui,PF,-16.4833,-151.75,82.36,69,54,8.43,broken clouds
432,Saint-Augustin,CA,51.226,-58.6502,33.48,96,100,12.41,snow
433,Srandakan,ID,-7.9386,110.2506,79.66,83,88,3.06,overcast clouds
434,Xichang,CN,27.8964,102.2634,56.57,69,2,1.5,clear sky
435,Kainantu,PG,-6.2887,145.8655,67.42,74,100,1.63,overcast clouds
436,Ilhabela,BR,-23.7781,-45.3581,72.9,75,8,4.54,clear sky
437,Atambua,ID,-9.1061,124.8925,77.38,70,83,1.52,broken clouds
438,Samana,DO,19.2056,-69.3369,75.2,94,40,9.22,scattered clouds
439,Mahebourg,MU,-20.4081,57.7,78.8,78,75,11.5,broken clouds
440,Beringovskiy,RU,63.05,179.3167,8.13,92,100,23.47,light snow
441,Ngama,TD,11.7833,17.1667,80.8,19,68,4.99,broken clouds
442,Touros,BR,-5.1989,-35.4608,77.0,88,40,4.61,scattered clouds
443,Morant Bay,JM,17.8815,-76.4093,80.6,69,75,18.41,broken clouds
444,Grindavik,IS,63.8424,-22.4338,33.8,100,90,16.11,overcast clouds
445,Ngunguru,NZ,-35.6167,174.5,75.0,79,73,3.0,broken clouds
446,Raudeberg,NO,61.9875,5.1352,33.01,92,94,3.78,overcast clouds
447,Gigmoto,PH,13.7796,124.39,80.62,76,64,8.63,broken clouds
448,Urubicha,BO,-15.3833,-62.95,72.27,98,100,2.44,overcast clouds
449,Linjiang,CN,41.8069,126.9078,53.02,43,88,4.61,overcast clouds
450,Yelizovo,RU,53.1873,158.3805,35.6,48,0,4.47,clear sky
451,Khani,GE,41.9563,42.9566,44.6,93,90,4.61,overcast clouds
452,Tall Kayf,TR,37.0833,41.0667,44.33,80,0,4.32,clear sky
453,Maniwaki,CA,46.3834,-75.966,71.6,40,98,6.91,overcast clouds
454,Bay Saint Louis,US,30.3088,-89.33,73.4,73,40,8.05,scattered clouds
455,Snezhnogorsk,RU,69.1933,33.2531,30.2,80,40,4.47,scattered clouds
456,Leh,IN,34.1667,77.5833,26.96,67,85,2.19,overcast clouds
457,Hofn,IS,64.2539,-15.2082,31.03,52,95,4.9,overcast clouds
458,Rawlins,US,41.7911,-107.2387,60.8,10,1,34.52,clear sky
459,Port Hawkesbury,CA,45.6169,-61.3485,30.99,69,90,9.22,overcast clouds
460,Abu Samrah,SY,35.3029,37.1841,45.64,78,43,18.3,scattered clouds
461,Canon City,US,38.441,-105.2424,70.0,11,1,11.5,clear sky
462,Humaita,BR,-7.5061,-63.0208,74.64,95,80,2.1,broken clouds
463,Kolosovka,RU,56.4678,73.611,24.46,95,94,3.42,overcast clouds
464,Lala,PH,7.9745,123.7458,81.41,76,73,3.56,broken clouds
465,Kupang,ID,-10.1667,123.5833,79.7,84,51,2.86,broken clouds
466,Kholodnyy,RU,62.7167,147.95,1.51,81,100,5.46,overcast clouds
467,Staraya Russa,RU,57.9944,31.3608,34.72,91,62,4.74,broken clouds
468,Yelan-Kolenovskiy,RU,51.1632,41.151,39.25,76,94,10.78,overcast clouds
469,Jiayuguan,CN,39.8167,98.3,48.87,45,88,8.01,overcast clouds
470,Venice,US,27.0998,-82.4543,66.2,94,40,11.5,moderate rain
471,Salinas,US,36.6777,-121.6555,62.6,51,1,14.97,clear sky
472,Ciudad Bolivar,VE,8.1222,-63.5497,84.29,61,92,10.8,overcast clouds
473,Comodoro Rivadavia,AR,-45.8667,-67.5,57.2,58,0,24.16,clear sky
474,San Diego De Los Banos,CU,22.6467,-83.3697,78.55,74,65,8.86,broken clouds
475,Saint-Andre-Avellin,CA,45.7168,-75.066,75.2,38,75,3.44,broken clouds
476,Gedinne,BE,49.9804,4.9367,48.99,100,90,5.75,light rain
477,Kangaatsiaq,GL,68.3065,-53.4641,24.57,81,92,7.61,overcast clouds
478,Mayor Pablo Lagerenza,PY,-19.9309,-60.7718,83.07,57,82,8.77,broken clouds
479,Wilkie,CA,52.4168,-108.7014,46.4,46,40,11.5,scattered clouds
480,Tabou,CI,4.423,-7.3528,79.93,84,100,6.58,overcast clouds
481,Nacala,MZ,-14.5428,40.6728,72.93,97,100,6.51,light rain
482,Tezu,IN,27.9167,96.1667,65.66,86,72,5.41,broken clouds
483,Ndioum,SN,16.5129,-14.6471,89.6,27,0,4.61,clear sky
484,Havelock,US,34.8791,-76.9013,70.0,78,75,6.91,broken clouds
485,Peleduy,RU,59.6289,112.7406,6.31,93,95,4.23,overcast clouds
486,Benjamin Hill,MX,30.1667,-111.1,91.0,23,24,7.0,few clouds
487,Autazes,BR,-3.5797,-59.1306,74.57,97,86,0.69,heavy intensity rain
488,Bonavista,CA,48.6499,-53.1147,33.01,100,100,6.91,moderate rain
489,Ketchikan,US,55.3422,-131.6461,39.2,81,90,5.75,light snow
490,Pinheiro Machado,BR,-31.5783,-53.3811,72.0,94,84,4.21,light rain
491,Ambilobe,MG,-13.2,49.05,72.14,92,99,3.31,overcast clouds
492,Meulaboh,ID,4.1363,96.1285,77.2,86,54,4.41,broken clouds
493,North Bend,US,43.4065,-124.2243,52.0,62,20,14.97,few clouds
494,Kitob,UZ,39.0843,66.8332,53.6,58,1,4.61,clear sky
495,Iberia,US,29.9502,-91.7507,78.01,83,75,14.97,broken clouds
496,Klaksvik,FO,62.2266,-6.589,30.2,80,75,12.66,light snow
497,Champerico,GT,14.3,-91.9167,87.8,74,20,9.22,few clouds
498,Mudgee,AU,-32.5943,149.5871,54.0,50,75,20.71,broken clouds
499,Anadyr,RU,64.75,177.4833,10.4,52,100,2.24,overcast clouds
500,Acarau,BR,-2.8856,-40.12,80.38,81,46,13.58,scattered clouds
501,Kashmor,PK,28.4333,69.5833,80.33,10,11,5.84,few clouds
502,Syava,RU,58.0146,46.3222,26.29,99,44,3.04,scattered clouds
503,Zyryanskoye,RU,56.8306,86.6258,28.2,88,63,1.61,broken clouds
504,Port Macquarie,AU,-31.4333,152.9167,70.0,45,1,3.0,clear sky
505,Solnechnyy,RU,50.7214,136.6319,42.51,75,100,9.55,overcast clouds
506,Arlit,NE,18.7369,7.3853,82.9,8,0,10.85,clear sky
507,Mandalgovi,MN,45.7625,106.2708,37.56,59,6,8.12,clear sky
508,Verin,ES,41.9415,-7.4381,48.0,94,91,2.93,overcast clouds
509,Olafsvik,IS,64.8945,-23.7142,39.04,95,100,13.24,overcast clouds
510,Urumqi,CN,43.801,87.6005,50.0,43,0,6.71,clear sky
511,Eyemouth,GB,55.8713,-2.0901,32.0,90,64,11.18,broken clouds
512,Marabba,SD,12.35,32.1833,85.82,9,78,15.75,broken clouds
513,Corinto,GR,37.9407,22.9573,45.0,54,1,1.01,clear sky
514,Diego De Almagro,CL,-26.3667,-70.05,62.82,52,72,1.92,broken clouds
515,Pontes E Lacerda,BR,-15.2261,-59.3353,72.7,94,60,2.15,broken clouds
516,Bosorod,RO,45.6833,23.0833,40.64,74,14,3.6,light rain
517,Silopi,TR,37.2497,42.4694,50.27,68,82,2.86,broken clouds
518,Markova,UA,48.6758,24.4138,36.99,80,8,5.21,clear sky
519,Aruppukkottai,IN,9.5167,78.1,81.0,68,6,2.42,clear sky
520,Tutoia,BR,-2.7619,-42.2744,78.89,88,85,9.17,overcast clouds
521,Jinji,CN,23.2281,110.8261,69.84,82,98,2.51,overcast clouds
522,Bodh Gaya,IN,24.7,84.9833,71.6,56,75,4.52,haze
523,Meuselwitz,DE,51.05,12.3,46.99,87,75,2.3,light rain
524,Puyang,CN,29.4603,119.8861,55.27,89,100,1.41,light rain
525,Pontianak,ID,-0.0333,109.3333,75.2,100,75,2.17,broken clouds
526,Antalaha,MG,-14.9003,50.2788,73.27,90,100,5.75,light rain
527,Conakry,GN,9.538,-13.6773,79.27,82,22,7.16,few clouds
528,Osakarovka,KZ,50.565,72.5692,30.88,84,4,17.07,clear sky
529,Carauari,BR,-4.8828,-66.8958,74.75,97,99,0.94,overcast clouds
530,Noumea,NC,-22.2763,166.4572,80.01,94,75,9.22,mist
531,Bulalacao,PH,12.3254,121.3435,81.79,67,64,17.76,broken clouds
532,Waddan,LY,29.1614,16.139,61.52,25,53,20.56,broken clouds
533,Mayo,US,38.8876,-76.5119,64.4,72,1,6.35,clear sky
534,Tiksi,RU,71.6872,128.8694,-5.3,90,42,6.06,scattered clouds
535,Essenbach,DE,48.6167,12.2167,44.01,79,100,1.01,overcast clouds
536,Coromandel,BR,-18.4733,-47.2003,62.58,69,0,3.83,clear sky
537,Vestmanna,FO,62.1564,-7.1664,30.2,80,75,12.66,light snow
538,Vuktyl,RU,63.8567,57.3094,30.79,92,22,8.55,few clouds
539,San Quintin,MX,30.4833,-115.95,63.01,74,65,16.69,broken clouds
540,Musoma,TZ,-1.5,33.8,66.24,87,92,6.4,light rain
541,Laje,BR,-10.1833,-40.9667,72.43,75,89,9.22,overcast clouds
542,Houston,US,29.7633,-95.3633,81.0,25,1,12.66,clear sky
543,Grand Gaube,MU,-20.0064,57.6608,79.0,74,97,5.01,light rain
544,Okhotsk,RU,59.3833,143.3,22.03,81,100,30.74,light snow
545,Capitao Poco,BR,-1.7464,-47.0594,73.56,96,99,3.96,overcast clouds
546,Coahuayana,MX,18.7333,-103.6833,84.2,39,1,5.91,clear sky
547,Rasskazovo,RU,52.6714,41.9033,36.43,79,92,9.42,overcast clouds
548,Kahului,US,20.8947,-156.47,78.8,53,40,11.5,scattered clouds
549,Hervey Bay,AU,-25.2986,152.8535,78.8,57,89,4.61,overcast clouds
550,Mersing,MY,2.4312,103.8405,75.2,100,16,5.75,few clouds
551,Orichi,RU,58.4036,49.0572,33.19,91,100,3.04,overcast clouds
552,San Rafael,AR,-34.6177,-68.3301,53.01,74,83,5.08,broken clouds
553,Kuna,US,43.4918,-116.4201,59.0,21,1,17.27,clear sky
554,Galveston,US,29.3669,-94.9669,81.0,69,1,11.5,clear sky
555,Alvaraes,BR,-3.2208,-64.8042,84.2,79,40,2.3,light rain
556,Qaqortoq,GL,60.7167,-46.0333,37.4,75,40,2.3,scattered clouds
557,Novikovo,RU,51.1537,37.8879,39.34,61,4,5.75,clear sky
558,Sistranda,NO,63.7256,8.834,35.6,87,75,18.41,broken clouds
559,Ceres,US,37.5949,-120.9577,75.99,29,1,16.11,clear sky
560,Rawson,AR,-43.3002,-65.1023,62.74,47,3,8.05,clear sky
561,Karnobat,BG,42.65,26.9833,39.2,87,0,2.3,clear sky
562,Omsukchan,RU,62.5333,155.8,-2.38,78,80,7.23,broken clouds
563,Huarmey,PE,-10.0681,-78.1522,70.2,87,73,6.73,broken clouds
564,Bandarbeyla,SO,9.4942,50.8122,77.77,73,0,6.96,clear sky
565,Chapais,CA,49.7834,-74.8492,59.0,47,1,9.22,clear sky
566,Serro,BR,-18.6047,-43.3794,60.39,93,14,2.3,few clouds
567,Camacha,PT,33.0833,-16.3333,64.4,88,40,6.91,scattered clouds
568,Darnah,LY,32.767,22.6367,53.92,63,8,10.02,clear sky
569,Baringo,KE,0.4667,35.9667,71.4,69,96,5.23,overcast clouds
570,College,US,64.8569,-147.8028,16.0,29,75,9.22,broken clouds
571,Norman Wells,CA,65.282,-126.8329,-5.8,71,90,10.36,light snow
572,Nouakchott,MR,18.0858,-15.9785,73.4,78,83,13.8,broken clouds
573,Cayenne,GF,4.9333,-52.3333,75.2,94,75,6.82,moderate rain
574,Suba,PH,10.8438,121.0102,82.26,75,59,23.02,broken clouds
575,Port Lincoln,AU,-34.7333,135.8667,60.1,58,94,15.55,overcast clouds
576,Alexandria,EG,31.2156,29.9553,57.2,54,40,14.97,scattered clouds
577,Ajdabiya,LY,30.7554,20.2263,58.8,33,24,13.38,few clouds
578,Durango,MX,24.8333,-104.8333,80.64,8,6,23.09,clear sky
579,Lukh,RU,57.0124,42.2584,31.64,90,0,7.14,clear sky
580,Ahipara,NZ,-35.1667,173.1667,73.15,64,4,3.71,clear sky
581,Mandurah,AU,-32.55,115.7,60.01,84,100,19.24,light rain
582,Sulphur Springs,US,33.1385,-95.6011,68.0,34,1,6.71,clear sky
583,Nome,US,64.5011,-165.4064,12.99,52,75,19.57,broken clouds
584,Moerai,PF,-22.4333,-151.3333,78.57,80,100,13.89,light rain
585,Adet,ET,11.2644,37.4888,63.28,49,71,2.77,broken clouds
586,Jiangdu,CN,32.4286,119.5574,60.01,88,70,1.01,broken clouds
587,Kharitonovo,RU,61.4009,47.4978,33.17,88,4,9.01,clear sky
588,Pueblo,US,38.2545,-104.6091,71.6,9,1,13.8,clear sky
589,Komsomolskiy,UZ,40.4272,71.7189,55.4,41,1,9.22,clear sky
590,Port Moresby,PG,-9.4431,147.1797,81.81,67,92,2.59,overcast clouds
591,Tefe,BR,-3.3542,-64.7114,84.2,79,40,2.3,scattered clouds
592,Dombarovskiy,RU,50.7587,59.5386,34.7,96,85,8.37,overcast clouds
593,Ilulissat,GL,69.2167,-51.1,21.2,79,90,5.32,overcast clouds
594,Putnok,HU,48.3,20.4333,44.24,82,89,1.86,overcast clouds
595,Enshi,CN,30.3,109.4833,53.51,97,100,0.47,overcast clouds
596,Escarcega,MX,18.6089,-90.7454,94.5,31,19,6.2,few clouds
597,Mutis,CO,6.2262,-77.4044,78.67,85,54,3.94,light rain
598,Semnan,IR,35.5729,53.3971,69.21,27,99,6.85,overcast clouds
599,Chumikan,RU,54.7183,135.315,34.34,70,71,23.06,broken clouds
600,Zeya,RU,53.75,127.2667,21.81,50,2,10.31,clear sky
601,Maarianhamina,AX,60.0973,19.9348,39.2,60,0,5.75,clear sky
602,Orsha,BY,54.5153,30.4053,39.96,78,45,9.78,scattered clouds
603,Llangefni,GB,53.2556,-4.3106,41.0,75,20,5.75,few clouds
604,Shingu,JP,33.7333,135.9833,55.4,58,20,5.75,few clouds
605,Zhigalovo,RU,54.8097,105.1578,20.03,67,25,3.58,scattered clouds
606,Bosaso,SO,11.2842,49.1816,78.44,60,0,12.73,clear sky
607,Kivsharivka,UA,49.6213,37.7036,40.84,66,37,7.45,scattered clouds
608,Vostok,RU,46.4856,135.8833,46.63,40,77,6.33,broken clouds
609,Miyang,CN,24.4042,103.4428,60.19,92,60,6.04,broken clouds
610,Honiara,SB,-9.4333,159.95,83.41,74,94,5.64,overcast clouds
611,Lingao,CN,19.9103,109.6859,74.86,84,45,15.32,scattered clouds
612,Marienburg,PL,54.0359,19.0266,39.99,65,100,5.12,overcast clouds
613,Rangoon,MM,16.8053,96.1561,82.06,66,19,2.15,few clouds
614,Hastings,GB,50.8552,0.5729,39.99,80,100,1.99,overcast clouds
615,Berga,NO,60.392,5.328,34.0,93,75,3.44,broken clouds
616,Miraflores,MX,19.2167,-98.8083,78.8,19,40,17.27,scattered clouds
617,Sovetskiy,RU,61.3614,63.5842,33.91,99,100,4.74,moderate rain
618,Wad Rawah,SD,15.1603,33.1397,83.46,10,0,21.77,clear sky
619,Karacabey,TR,40.2152,28.4038,32.0,93,0,3.44,clear sky
620,Quakenbruck,DE,52.6833,7.95,45.0,90,100,1.99,light rain
621,Chernyshevskiy,RU,63.0128,112.4714,2.1,85,42,4.9,scattered clouds
622,Muriti,TZ,-1.9833,32.9167,69.6,81,100,12.82,light rain
623,Bantou,CN,26.2151,117.4893,65.86,64,99,2.46,overcast clouds
624,Cockburn Town,TC,21.4612,-71.1419,75.2,64,40,11.5,scattered clouds
625,Dawlatabad,AF,36.4141,64.9053,62.44,37,30,1.52,scattered clouds
626,Lilongwe,MW,-13.9669,33.7873,60.67,87,100,2.66,overcast clouds
627,Bima,ID,-8.4667,118.7167,80.98,82,7,3.74,clear sky
628,Villazon,BO,-22.0866,-65.5942,60.17,46,30,9.37,scattered clouds
629,Vila Do Maio,CV,15.1333,-23.2167,73.4,53,0,16.11,clear sky
630,Hobyo,SO,5.3505,48.5268,81.5,62,5,13.56,clear sky
631,Mahon,ES,39.8885,4.2658,53.6,94,0,4.61,clear sky
632,Tocopilla,CL,-22.092,-70.1979,68.85,76,33,10.58,scattered clouds
633,Kilindoni,TZ,-7.9139,39.6668,80.15,80,100,10.92,moderate rain
634,Talakan,RU,50.3167,130.3667,39.69,63,94,9.31,overcast clouds
635,Sorong,ID,-0.8833,131.25,79.3,85,100,2.89,overcast clouds
636,Krasnyy Yar,RU,46.5331,48.3456,46.4,81,0,2.24,clear sky
637,Channel-Port Aux Basques,CA,47.5702,-59.1367,32.22,80,92,16.26,overcast clouds
638,Zlitan,LY,32.4674,14.5687,59.14,66,99,18.48,overcast clouds
639,Botwood,CA,49.1499,-55.3482,33.01,93,100,11.54,snow
640,Sibu,MY,2.3,111.8167,73.4,94,40,3.44,scattered clouds
641,Mutoko,ZW,-17.397,32.2268,55.51,82,3,4.03,clear sky
642,Barma,SL,8.35,-11.3333,75.99,95,95,2.28,overcast clouds
643,Torbay,CA,47.6666,-52.7314,33.01,100,90,9.22,snow
644,Pakenham,AU,-38.0667,145.4833,50.0,95,94,1.99,light rain
645,Hatillo,PR,18.4863,-66.8254,77.0,64,90,10.36,overcast clouds
646,Sindor,RU,62.8629,51.8905,30.79,92,4,7.65,clear sky
647,Ronne,DK,55.1009,14.7066,35.6,93,90,4.61,overcast clouds
648,Vilela,PT,41.2251,-7.6034,54.0,91,97,1.5,overcast clouds
649,Masindi,UG,1.6744,31.715,63.97,94,100,4.72,overcast clouds
650,Chifeng,CN,42.2683,118.9636,58.73,35,100,17.38,light rain
651,Tianjin,CN,39.1422,117.1767,59.0,51,100,4.47,overcast clouds
652,Kakanj,BA,44.1272,18.1181,39.2,75,0,1.14,clear sky
653,Uray,RU,60.1247,64.7758,36.91,99,100,7.87,overcast clouds
654,Benghazi,LY,32.1167,20.0667,58.51,49,88,11.7,overcast clouds
655,Waitati,NZ,-45.75,170.5667,68.63,52,27,2.42,scattered clouds
656,Sobolevo,RU,54.4299,31.8996,38.62,75,19,9.6,few clouds
657,Iroquois Falls,CA,48.7669,-80.6831,60.8,48,75,4.61,broken clouds
658,La Libertad,EC,-2.2333,-80.9,80.6,83,0,10.36,clear sky
659,Hambantota,LK,6.1241,81.1185,77.88,80,6,3.69,clear sky
660,Pozhva,RU,59.0912,56.0847,35.8,99,100,2.53,overcast clouds
661,Bereda,ES,43.2686,-7.5406,50.0,100,100,8.01,overcast clouds
662,Nampula,MZ,-15.1165,39.2666,73.4,94,40,5.75,scattered clouds
663,Ossora,RU,59.2353,163.0719,16.38,65,14,18.12,few clouds
664,Tupik,RU,54.4253,119.9327,14.38,66,87,5.08,overcast clouds
665,Aswan,EG,24.0934,32.907,61.86,26,0,15.23,clear sky
666,Rafsanjan,IR,30.4067,55.9939,66.38,29,56,4.59,broken clouds
667,Polson,US,47.6936,-114.1632,37.0,70,100,11.99,overcast clouds
668,Listvyagi,RU,53.6772,86.951,30.11,82,4,3.87,clear sky
669,Shediac,CA,46.2198,-64.5411,33.01,64,20,8.05,few clouds
670,Verkh-Usugli,RU,52.7,115.1667,23.02,35,77,4.38,broken clouds
671,Kelvington,CA,52.1667,-103.5343,55.4,22,83,9.22,broken clouds
672,Kifri,IQ,34.6959,44.9661,64.92,68,75,5.84,broken clouds
673,Kitahiroshima,JP,42.9758,141.5672,51.01,65,20,4.61,few clouds
674,Coquimbo,CL,-29.9533,-71.3436,59.0,77,0,8.05,clear sky
675,Leshukonskoye,RU,64.8989,45.7622,38.26,88,100,13.96,overcast clouds
676,Vila,PT,42.0304,-8.1588,51.01,93,94,3.65,overcast clouds
677,Vzmorye,RU,54.6961,20.2361,36.0,80,0,2.24,clear sky
678,Moron,AR,-34.6534,-58.6198,71.01,94,90,2.3,light rain
679,Noyabrsk,RU,63.1994,75.4507,28.47,85,86,1.34,overcast clouds
680,Dalvik,IS,65.9702,-18.5286,24.8,63,0,6.91,clear sky
681,Deputatskiy,RU,69.3,139.9,-8.18,84,11,3.47,few clouds
682,Lagunas,PE,-5.2269,-75.6753,74.82,96,82,2.33,broken clouds
683,Jinxi,CN,30.4323,116.2922,57.94,76,100,1.28,overcast clouds
684,Kaoma,ZM,-14.7833,24.8,57.97,71,6,5.55,clear sky
685,Iguape,BR,-24.7081,-47.5553,72.77,82,10,7.78,clear sky
686,Grand-Lahou,CI,5.1367,-5.0242,79.9,86,89,6.64,overcast clouds
687,Sayyan,YE,15.1718,44.3244,56.93,46,5,1.92,clear sky
688,Borba,BR,-4.3878,-59.5939,74.53,97,72,0.83,broken clouds
689,Alta Floresta,BR,-9.8756,-56.0861,73.42,92,63,2.51,broken clouds
690,Berlevag,NO,70.8578,29.0864,19.4,68,0,28.77,clear sky
691,Margate,GB,51.3813,1.3862,41.0,72,100,5.99,overcast clouds
692,Fayaoue,NC,-20.65,166.5333,80.69,82,95,13.62,overcast clouds
693,Opuwo,NA,-18.0607,13.84,68.47,34,11,9.73,few clouds
694,Umm Kaddadah,SD,13.6017,26.6876,74.97,12,11,17.98,few clouds
695,Coihaique,CL,-45.5752,-72.0662,48.2,76,75,6.4,broken clouds
696,Huntsville,US,34.7304,-86.5861,71.6,56,90,10.36,overcast clouds
697,Mwinilunga,ZM,-11.7358,24.4293,58.69,95,92,3.36,overcast clouds
698,Kuzino,RU,57.0224,59.4412,36.57,93,100,4.18,overcast clouds
699,Matamoros,MX,25.5333,-103.25,95.0,5,1,7.34,clear sky
700,Uyovu,TZ,-3.2833,31.5258,61.0,97,97,1.28,overcast clouds
701,Prykolotne,UA,50.1604,37.3474,39.15,62,4,7.16,clear sky
702,Tamandare,BR,-8.7597,-35.1047,77.61,88,95,8.99,overcast clouds
703,Nagua,DO,19.3832,-69.8474,75.2,94,40,9.22,scattered clouds
704,Presidencia Roque Saenz Pena,AR,-26.7852,-60.4388,84.0,74,78,1.99,broken clouds
705,Ust-Omchug,RU,61.15,149.6333,3.96,81,93,6.35,overcast clouds
